{"cameraMode":{"drawMode":0,"name":"Shaded","section":"Shading Mode"},"sceneLighting":false,"audioPlay":false,"sceneViewState":{"m_AlwaysRefresh":false,"showFog":true,"showSkybox":false,"showFlares":true,"showImageEffects":true,"showParticleSystems":true,"showVisualEffectGraphs":true,"m_FxEnabled":true},"in2DMode":false,"pivot":{"x":-0.5740538835525513,"y":0.9668325185775757,"z":0.2234644591808319},"rotation":{"x":-0.00596080394461751,"y":0.9713183045387268,"z":-0.23646292090415955,"w":-0.024482320994138719},"size":3.5227444171905519,"orthographic":false}