{"cameraMode":{"drawMode":0,"name":"Shaded","section":"Shading Mode"},"sceneLighting":false,"audioPlay":false,"sceneViewState":{"m_AlwaysRefresh":false,"showFog":true,"showSkybox":false,"showFlares":true,"showImageEffects":true,"showParticleSystems":true,"showVisualEffectGraphs":true,"m_FxEnabled":true},"in2DMode":false,"pivot":{"x":4.451446056365967,"y":2.996297597885132,"z":2.385448694229126},"rotation":{"x":0.11791444569826126,"y":-0.01668444648385048,"z":0.0019828921649605037,"w":0.9929500818252564},"size":2.8597230911254885,"orthographic":false}